6,227,31,2,1,4,12,20,1,5,1,4,2,4,29,1,1,1,2,1,5,7,9,5,1,2,1,9,5,29,23,15,21,4
,,,AL_,AR_,CA_2004,CA_2006,CA_2007,CO_2004,CT_2004,CT_2006,FL_2004,FL_2006,FL_2007,GA_2004,LA_2004,MD_2004,MS_2007,NC_2004,NM_2004,OR_2004,OR_2005,OR_2006,OR_2007,PA_2004,SC_2004,TN_2004,TX_2004,VA_2004,WA_2004,WA_2005,WA_2006,WA_2007,WA_unknown
Ind,Pop,PrMS39b, ,PrMS45, ,PrMS43a, ,PrMS43b, ,KI18, ,KI64, ,,,,,,,,,,,,,,,,,,,,
"PR-07-115","AL_","246","246","166","186","372","372","489","489","219","275","342","379","","","","","","","","","","","","","","","","","","","",""
"PR-07-116","AL_","246","246","166","186","376","376","485","485","219","275","342","379","","","","","","","","","","","","","","","","","","","",""
"PR-07-117","AR_","246","246","166","186","372","372","489","489","219","275","342","379","","","","","","","","","","","","","","","","","","","",""
"PR-07-120","CA_2004","246","246","166","186","376","376","489","489","219","275","342","379","","","","","","","","","","","","","","","","","","","",""
"PR-07-121","CA_2004","246","246","166","186","372","372","0","0","219","275","342","379","","","","","","","","","","","","","","","","","","","",""
"PR-07-118","CA_2004","246","246","166","186","372","372","489","489","219","275","342","379","","","","","","","","","","","","","","","","","","","",""
"PR-07-119","CA_2004","246","246","166","186","372","372","489","489","219","275","342","379","","","","","","","","","","","","","","","","","","","",""
"PR-06-038","CA_2006","246","246","166","186","372","372","0","0","219","275","342","379","","","","","","","","","","","","","","","","","","","",""
"PR-06-040","CA_2006","246","246","166","186","372","372","0","0","219","275","342","379","","","","","","","","","","","","","","","","","","","",""
"PR-06-041","CA_2006","246","246","166","186","372","372","0","0","219","275","342","379","","","","","","","","","","","","","","","","","","","",""
"PR-06-037","CA_2006","246","246","166","186","372","372","493","493","219","275","342","379","","","","","","","","","","","","","","","","","","","",""
"PR-06-030","CA_2006","246","246","166","186","372","372","489","489","219","275","342","379","","","","","","","","","","","","","","","","","","","",""
"PR-06-032","CA_2006","246","246","166","186","372","372","489","489","219","275","342","379","","","","","","","","","","","","","","","","","","","",""
"PR-06-039","CA_2006","246","246","166","186","372","372","489","489","219","275","342","379","","","","","","","","","","","","","","","","","","","",""
"PR-06-029","CA_2006","246","246","166","186","372","372","489","489","219","275","342","379","","","","","","","","","","","","","","","","","","","",""
"PR-06-035","CA_2006","246","246","166","186","376","376","0","0","219","275","342","379","","","","","","","","","","","","","","","","","","","",""
"PR-06-031","CA_2006","246","246","166","186","376","376","489","489","219","275","342","379","","","","","","","","","","","","","","","","","","","",""
"PR-06-036","CA_2006","250","250","166","186","368","368","489","489","219","275","342","379","","","","","","","","","","","","","","","","","","","",""
"PR-06-034","CA_2006","250","250","166","186","368","368","485","485","219","275","342","379","","","","","","","","","","","","","","","","","","","",""
"PR-07-101","CA_2007","246","246","166","186","368","368","493","493","219","279","342","379","","","","","","","","","","","","","","","","","","","",""
"PR-07-091","CA_2007","246","246","166","186","372","372","0","0","219","275","342","379","","","","","","","","","","","","","","","","","","","",""
"PR-07-092","CA_2007","246","246","166","186","372","372","0","0","219","275","342","379","","","","","","","","","","","","","","","","","","","",""
"PR-07-089","CA_2007","246","246","166","186","372","372","485","485","219","275","342","379","","","","","","","","","","","","","","","","","","","",""
"PR-07-090","CA_2007","246","246","166","186","372","372","485","485","219","275","342","379","","","","","","","","","","","","","","","","","","","",""
"PR-07-093","CA_2007","246","246","166","186","372","372","485","485","219","275","342","379","","","","","","","","","","","","","","","","","","","",""
"PR-07-018","CA_2007","246","246","166","186","372","372","489","489","219","275","342","379","","","","","","","","","","","","","","","","","","","",""
"PR-07-004","CA_2007","246","246","166","186","372","372","489","489","219","275","342","379","","","","","","","","","","","","","","","","","","","",""
"PR-07-005","CA_2007","246","246","166","186","372","372","489","489","219","275","342","379","","","","","","","","","","","","","","","","","","","",""
"PR-07-006","CA_2007","246","246","166","186","372","372","489","489","219","275","342","379","","","","","","","","","","","","","","","","","","","",""
"PR-07-007","CA_2007","246","246","166","186","372","372","489","489","219","275","342","379","","","","","","","","","","","","","","","","","","","",""
"PR-07-008","CA_2007","246","246","166","186","372","372","489","489","219","275","342","379","","","","","","","","","","","","","","","","","","","",""
"PR-07-009","CA_2007","246","246","166","186","372","372","489","489","219","275","342","379","","","","","","","","","","","","","","","","","","","",""
"PR-07-011","CA_2007","246","246","166","186","372","372","489","489","219","275","342","379","","","","","","","","","","","","","","","","","","","",""
"PR-07-013","CA_2007","246","246","166","186","372","372","489","489","219","275","342","379","","","","","","","","","","","","","","","","","","","",""
"PR-07-014","CA_2007","246","246","166","186","372","372","489","489","219","275","342","379","","","","","","","","","","","","","","","","","","","",""
"PR-07-222","CA_2007","246","246","166","186","372","372","489","489","219","275","342","379","","","","","","","","","","","","","","","","","","","",""
"PR-07-223","CA_2007","246","246","166","186","372","372","489","489","219","275","342","379","","","","","","","","","","","","","","","","","","","",""
"PR-07-010","CA_2007","246","246","166","186","372","372","489","489","219","275","342","379","","","","","","","","","","","","","","","","","","","",""
"PR-07-012","CA_2007","246","246","166","186","372","372","489","489","219","275","342","379","","","","","","","","","","","","","","","","","","","",""
"PR-07-122","CO_2004","246","246","166","186","372","372","493","493","219","275","342","379","","","","","","","","","","","","","","","","","","","",""
"PR-04-034","CT_2004","250","250","166","186","360","360","481","481","219","275","342","379","","","","","","","","","","","","","","","","","","","",""
"PR-04-038","CT_2004","250","250","166","186","360","360","485","485","219","275","342","379","","","","","","","","","","","","","","","","","","","",""
"PR-04-035","CT_2004","250","250","166","186","364","364","485","485","219","275","342","379","","","","","","","","","","","","","","","","","","","",""
"PR-04-036","CT_2004","250","250","166","186","368","368","485","485","219","275","342","379","","","","","","","","","","","","","","","","","","","",""
"PR-04-037","CT_2004","250","250","166","186","368","368","485","485","219","275","342","379","","","","","","","","","","","","","","","","","","","",""
"PR-07-001","CT_2006","250","250","166","186","368","368","485","485","219","275","342","379","","","","","","","","","","","","","","","","","","","",""
"PR-07-123","FL_2004","246","246","166","186","368","368","489","489","219","275","342","379","","","","","","","","","","","","","","","","","","","",""
"PR-07-125","FL_2004","246","246","166","186","372","372","489","489","219","275","342","379","","","","","","","","","","","","","","","","","","","",""
"PR-07-126","FL_2004","246","246","166","186","372","372","489","489","219","275","342","379","","","","","","","","","","","","","","","","","","","",""
"PR-07-124","FL_2004","250","250","166","186","372","372","489","489","219","275","342","379","","","","","","","","","","","","","","","","","","","",""
"PR-05-172","FL_2006","246","246","166","186","372","372","477","477","219","275","342","379","","","","","","","","","","","","","","","","","","","",""
"PR-07-129","FL_2006","246","246","166","186","372","372","481","481","219","275","342","379","","","","","","","","","","","","","","","","","","","",""
"PR-07-096","FL_2007","246","246","166","186","372","372","489","489","219","275","342","379","","","","","","","","","","","","","","","","","","","",""
"PR-07-097","FL_2007","246","246","166","186","372","372","489","489","219","275","342","379","","","","","","","","","","","","","","","","","","","",""
"PR-07-100","FL_2007","246","246","166","186","372","372","489","489","219","275","342","379","","","","","","","","","","","","","","","","","","","",""
"PR-07-099","FL_2007","246","246","166","186","372","372","493","493","219","275","342","379","","","","","","","","","","","","","","","","","","","",""
"PR-07-143","GA_2004","246","246","166","186","368","368","489","489","219","275","342","379","","","","","","","","","","","","","","","","","","","",""
"PR-07-148","GA_2004","246","246","166","186","368","368","489","489","219","275","342","379","","","","","","","","","","","","","","","","","","","",""
"PR-07-153","GA_2004","246","246","166","186","368","368","489","489","219","275","342","379","","","","","","","","","","","","","","","","","","","",""
"PR-07-155","GA_2004","246","246","166","186","368","368","489","489","219","275","342","379","","","","","","","","","","","","","","","","","","","",""
"PR-07-157","GA_2004","246","246","166","186","368","368","489","489","219","275","342","379","","","","","","","","","","","","","","","","","","","",""
"PR-07-134","GA_2004","246","246","166","186","368","368","489","489","219","275","342","379","","","","","","","","","","","","","","","","","","","",""
"PR-07-138","GA_2004","246","246","166","186","368","368","489","489","219","275","342","379","","","","","","","","","","","","","","","","","","","",""
"PR-07-130","GA_2004","246","246","166","186","372","372","493","493","219","275","342","379","","","","","","","","","","","","","","","","","","","",""
"PR-07-142","GA_2004","246","246","166","186","372","372","493","493","219","275","342","379","","","","","","","","","","","","","","","","","","","",""
"GA-45D-34","GA_2004","246","246","166","186","372","372","489","489","219","275","342","379","","","","","","","","","","","","","","","","","","","",""
"PR-07-146","GA_2004","246","246","166","186","372","372","489","489","219","275","342","379","","","","","","","","","","","","","","","","","","","",""
"PR-07-147","GA_2004","246","246","166","186","372","372","489","489","219","275","342","379","","","","","","","","","","","","","","","","","","","",""
"PR-07-149","GA_2004","246","246","166","186","372","372","489","489","219","275","342","379","","","","","","","","","","","","","","","","","","","",""
"PR-07-150","GA_2004","246","246","166","186","372","372","489","489","219","275","342","379","","","","","","","","","","","","","","","","","","","",""
"PR-07-156","GA_2004","246","246","166","186","372","372","489","489","219","275","342","379","","","","","","","","","","","","","","","","","","","",""
"PR-07-133","GA_2004","246","246","166","186","372","372","489","489","219","275","342","379","","","","","","","","","","","","","","","","","","","",""
"PR-07-136","GA_2004","246","246","166","186","372","372","489","489","219","275","342","379","","","","","","","","","","","","","","","","","","","",""
"PR-07-139","GA_2004","246","246","166","186","372","372","489","489","219","275","342","379","","","","","","","","","","","","","","","","","","","",""
"PR-07-140","GA_2004","246","246","166","186","372","372","489","489","219","275","342","379","","","","","","","","","","","","","","","","","","","",""
"PR-07-141","GA_2004","246","246","166","186","372","372","489","489","219","275","342","379","","","","","","","","","","","","","","","","","","","",""
"PR-07-132","GA_2004","246","246","166","186","372","372","489","489","219","275","342","383","","","","","","","","","","","","","","","","","","","",""
"PR-07-135","GA_2004","246","246","166","186","372","372","489","489","219","271","342","379","","","","","","","","","","","","","","","","","","","",""
"PR-07-151","GA_2004","246","246","166","186","376","376","493","493","219","275","342","379","","","","","","","","","","","","","","","","","","","",""
"PR-07-131","GA_2004","246","246","166","186","376","376","493","493","219","275","342","379","","","","","","","","","","","","","","","","","","","",""
"GA-38I-33","GA_2004","246","246","166","186","376","376","489","489","219","275","342","379","","","","","","","","","","","","","","","","","","","",""
"PR-07-137","GA_2004","246","246","166","186","376","376","489","489","219","275","342","379","","","","","","","","","","","","","","","","","","","",""
"PR-07-154","GA_2004","250","250","166","186","372","372","489","489","219","275","342","379","","","","","","","","","","","","","","","","","","","",""
"PR-07-158","GA_2004","250","250","166","186","376","376","489","489","219","279","342","379","","","","","","","","","","","","","","","","","","","",""
"PR-07-152","GA_2004","254","254","166","186","364","364","485","485","219","275","342","379","","","","","","","","","","","","","","","","","","","",""
"PR-07-159","LA_2004","246","246","166","186","372","372","489","489","219","275","342","379","","","","","","","","","","","","","","","","","","","",""
"PR-07-160","MD_2004","246","246","166","186","372","372","489","489","219","275","342","379","","","","","","","","","","","","","","","","","","","",""
"PR-07-098","MS_2007","246","246","166","186","376","376","485","485","219","275","342","379","","","","","","","","","","","","","","","","","","","",""
"PR-07-161","NC_2004","246","246","166","186","372","372","485","485","219","275","342","379","","","","","","","","","","","","","","","","","","","",""
"PR-07-162","NC_2004","246","246","166","186","372","372","485","485","219","275","342","379","","","","","","","","","","","","","","","","","","","",""
"PR-07-163","NM_2004","246","246","166","186","372","372","489","489","219","275","342","379","","","","","","","","","","","","","","","","","","","",""
"PR-07-164","OR_2004","246","246","166","186","372","372","489","489","219","275","342","379","","","","","","","","","","","","","","","","","","","",""
"PR-07-166","OR_2004","246","246","166","186","376","376","489","489","219","275","342","379","","","","","","","","","","","","","","","","","","","",""
"PR-07-113","OR_2004","250","250","166","186","368","368","485","485","219","275","342","379","","","","","","","","","","","","","","","","","","","",""
"PR-07-111","OR_2004","250","250","166","186","368","368","485","485","219","275","342","379","","","","","","","","","","","","","","","","","","","",""
"PR-07-112","OR_2004","250","250","166","186","368","368","485","485","219","275","342","379","","","","","","","","","","","","","","","","","","","",""
"PR-05-192","OR_2005","250","250","166","186","364","364","477","477","219","275","342","379","","","","","","","","","","","","","","","","","","","",""
"PR-05-187","OR_2005","250","250","166","186","348","348","485","485","219","275","342","379","","","","","","","","","","","","","","","","","","","",""
"PR-05-188","OR_2005","250","250","166","186","348","348","485","485","219","275","342","379","","","","","","","","","","","","","","","","","","","",""
"PR-05-191","OR_2005","250","250","166","186","360","360","485","485","219","275","342","379","","","","","","","","","","","","","","","","","","","",""
"PR-05-195","OR_2005","250","250","166","186","368","368","485","485","219","275","342","379","","","","","","","","","","","","","","","","","","","",""
"PR-05-190","OR_2005","250","250","166","186","368","368","489","489","219","275","342","379","","","","","","","","","","","","","","","","","","","",""
"PR-05-194","OR_2005","250","250","166","186","368","368","489","489","219","275","342","379","","","","","","","","","","","","","","","","","","","",""
"PR-06-025","OR_2006","250","250","166","186","344","344","481","481","219","275","342","379","","","","","","","","","","","","","","","","","","","",""
"PR-06-019","OR_2006","250","250","166","186","364","364","485","485","219","275","342","379","","","","","","","","","","","","","","","","","","","",""
"PR-06-020","OR_2006","250","250","166","186","364","364","485","485","219","275","342","379","","","","","","","","","","","","","","","","","","","",""
"PR-06-026","OR_2006","250","250","166","186","364","364","485","485","219","275","342","379","","","","","","","","","","","","","","","","","","","",""
"PR-06-014","OR_2006","250","250","166","186","368","368","485","485","219","275","342","379","","","","","","","","","","","","","","","","","","","",""
"PR-06-022","OR_2006","250","250","166","186","368","368","485","485","219","275","342","379","","","","","","","","","","","","","","","","","","","",""
"PR-06-016","OR_2006","250","250","166","186","364","364","489","489","219","275","342","379","","","","","","","","","","","","","","","","","","","",""
"PR-06-023","OR_2006","254","254","166","186","368","368","485","485","219","275","342","379","","","","","","","","","","","","","","","","","","","",""
"PR-06-024","OR_2006","254","254","166","186","368","368","485","485","219","275","342","379","","","","","","","","","","","","","","","","","","","",""
"P-07-004","OR_2007","250","250","166","186","360","360","485","485","219","275","342","379","","","","","","","","","","","","","","","","","","","",""
"PR-07-085","OR_2007","250","250","166","186","364","364","485","485","219","275","342","379","","","","","","","","","","","","","","","","","","","",""
"PR-07-086","OR_2007","250","250","166","186","364","364","485","485","219","279","342","379","","","","","","","","","","","","","","","","","","","",""
"PR-07-082","OR_2007","250","250","166","186","364","364","489","489","219","275","342","379","","","","","","","","","","","","","","","","","","","",""
"PR-07-088","OR_2007","254","254","166","186","364","364","485","485","219","275","342","379","","","","","","","","","","","","","","","","","","","",""
"PR-07-167","PA_2004","246","246","166","186","372","372","489","489","219","275","342","379","","","","","","","","","","","","","","","","","","","",""
"PR-07-169","SC_2004","246","246","166","186","368","368","489","489","219","275","342","342","","","","","","","","","","","","","","","","","","","",""
"PR-07-168","SC_2004","246","246","166","186","372","372","489","489","219","275","342","379","","","","","","","","","","","","","","","","","","","",""
"PR-07-170","TN_2004","246","246","166","186","376","376","489","489","219","275","342","379","","","","","","","","","","","","","","","","","","","",""
"PR-07-174","TX_2004","246","246","166","186","372","372","493","493","219","275","342","379","","","","","","","","","","","","","","","","","","","",""
"PR-07-177","TX_2004","246","246","166","186","372","372","485","485","219","275","342","379","","","","","","","","","","","","","","","","","","","",""
"PR-07-175","TX_2004","246","246","166","186","372","372","489","489","219","275","342","379","","","","","","","","","","","","","","","","","","","",""
"PR-07-176","TX_2004","246","246","166","186","372","372","489","489","219","275","342","379","","","","","","","","","","","","","","","","","","","",""
"PR-07-178","TX_2004","246","246","166","186","372","372","489","489","219","275","342","379","","","","","","","","","","","","","","","","","","","",""
"PR-07-173","TX_2004","246","246","166","186","372","372","489","489","219","279","342","379","","","","","","","","","","","","","","","","","","","",""
"PR-07-179","TX_2004","246","246","166","186","372","372","417","417","219","275","342","379","","","","","","","","","","","","","","","","","","","",""
"PR-07-171","TX_2004","246","246","166","186","376","376","489","489","219","275","342","379","","","","","","","","","","","","","","","","","","","",""
"PR-07-172","TX_2004","250","250","166","186","376","376","489","489","219","275","342","379","","","","","","","","","","","","","","","","","","","",""
"PR-07-182","VA_2004","246","246","166","186","368","368","489","489","219","275","342","379","","","","","","","","","","","","","","","","","","","",""
"PR-07-180","VA_2004","246","246","166","186","372","372","489","489","219","275","342","379","","","","","","","","","","","","","","","","","","","",""
"PR-07-183","VA_2004","246","246","166","186","372","372","489","489","219","275","342","379","","","","","","","","","","","","","","","","","","","",""
"PR-07-184","VA_2004","246","246","166","186","380","380","485","485","219","275","342","379","","","","","","","","","","","","","","","","","","","",""
"PR-07-181","VA_2004","250","250","166","186","372","372","485","485","219","275","342","379","","","","","","","","","","","","","","","","","","","",""
"PR-07-190","WA_2004","246","246","166","186","364","364","489","489","219","275","342","379","","","","","","","","","","","","","","","","","","","",""
"PR-07-188","WA_2004","246","246","166","186","368","368","485","485","219","275","342","379","","","","","","","","","","","","","","","","","","","",""
"PR-07-186","WA_2004","246","246","166","186","372","372","485","485","219","275","342","379","","","","","","","","","","","","","","","","","","","",""
"PR-07-202","WA_2004","246","246","166","186","372","372","485","485","219","275","342","379","","","","","","","","","","","","","","","","","","","",""
"PR-07-209","WA_2004","246","246","166","186","372","372","485","485","219","275","342","379","","","","","","","","","","","","","","","","","","","",""
"PR-07-187","WA_2004","246","246","166","186","372","372","489","489","219","275","342","379","","","","","","","","","","","","","","","","","","","",""
"PR-07-196","WA_2004","246","246","166","186","372","372","489","489","219","275","342","379","","","","","","","","","","","","","","","","","","","",""
"PR-07-216","WA_2004","246","246","166","186","372","372","489","489","219","275","342","383","","","","","","","","","","","","","","","","","","","",""
"PR-07-195","WA_2004","246","246","166","186","372","372","489","489","219","275","342","383","","","","","","","","","","","","","","","","","","","",""
"PR-07-212","WA_2004","250","250","166","186","364","364","485","485","219","275","342","379","","","","","","","","","","","","","","","","","","","",""
"PR-07-205","WA_2004","250","250","166","186","364","364","485","485","219","279","342","379","","","","","","","","","","","","","","","","","","","",""
"PR-07-191","WA_2004","250","250","166","186","364","364","485","485","219","275","342","379","","","","","","","","","","","","","","","","","","","",""
"PR-07-213","WA_2004","250","250","166","186","364","364","489","489","219","275","342","379","","","","","","","","","","","","","","","","","","","",""
"PR-07-211","WA_2004","250","250","166","186","368","368","485","485","219","275","342","379","","","","","","","","","","","","","","","","","","","",""
"PR-07-189","WA_2004","250","250","166","186","368","368","485","485","219","275","342","379","","","","","","","","","","","","","","","","","","","",""
"PR-07-194","WA_2004","250","250","166","186","368","368","485","485","219","275","342","379","","","","","","","","","","","","","","","","","","","",""
"PR-07-208","WA_2004","250","250","166","186","368","368","481","481","219","275","342","379","","","","","","","","","","","","","","","","","","","",""
"PR-07-206","WA_2004","250","250","166","186","368","368","485","485","219","279","342","379","","","","","","","","","","","","","","","","","","","",""
"PR-07-204","WA_2004","250","250","166","186","368","368","493","493","219","275","342","379","","","","","","","","","","","","","","","","","","","",""
"PR-07-214","WA_2004","250","250","166","186","372","372","489","489","219","275","342","379","","","","","","","","","","","","","","","","","","","",""
"PR-07-215","WA_2004","250","250","166","186","372","372","489","489","219","275","342","379","","","","","","","","","","","","","","","","","","","",""
"PR-07-198","WA_2004","250","250","166","186","372","372","485","485","219","279","342","379","","","","","","","","","","","","","","","","","","","",""
"PR-07-200","WA_2004","250","250","166","186","372","372","485","485","219","279","342","379","","","","","","","","","","","","","","","","","","","",""
"PR-07-201","WA_2004","250","250","166","186","372","372","485","485","219","279","342","379","","","","","","","","","","","","","","","","","","","",""
"PR-07-207","WA_2004","250","250","166","186","372","372","485","485","219","279","342","379","","","","","","","","","","","","","","","","","","","",""
"PR-07-199","WA_2004","250","250","166","166","376","376","485","485","219","279","342","379","","","","","","","","","","","","","","","","","","","",""
"PR-07-203","WA_2004","254","254","166","186","360","360","485","485","219","271","342","379","","","","","","","","","","","","","","","","","","","",""
"PR-07-192","WA_2004","254","254","166","186","364","364","481","481","219","275","342","379","","","","","","","","","","","","","","","","","","","",""
"PR-07-197","WA_2004","254","254","186","186","368","368","485","485","219","275","342","379","","","","","","","","","","","","","","","","","","","",""
"PR-07-041","WA_2005","242","242","166","186","372","372","485","485","219","275","342","379","","","","","","","","","","","","","","","","","","","",""
"PR-07-042","WA_2005","242","242","166","186","372","372","485","485","219","275","342","379","","","","","","","","","","","","","","","","","","","",""
"PR-07-039","WA_2005","242","242","166","186","372","372","485","485","219","275","342","379","","","","","","","","","","","","","","","","","","","",""
"PR-07-019","WA_2005","246","246","166","186","372","372","485","485","219","275","342","379","","","","","","","","","","","","","","","","","","","",""
"PR-07-028","WA_2005","246","246","166","186","372","372","485","485","219","275","342","379","","","","","","","","","","","","","","","","","","","",""
"PR-07-065","WA_2005","246","246","166","186","372","372","489","489","219","275","342","379","","","","","","","","","","","","","","","","","","","",""
"PR-07-020","WA_2005","246","246","166","186","376","376","485","485","219","275","342","379","","","","","","","","","","","","","","","","","","","",""
"PR-07-021","WA_2005","246","246","166","186","376","376","485","485","219","275","342","379","","","","","","","","","","","","","","","","","","","",""
"PR-07-040","WA_2005","246","246","166","186","376","376","485","485","219","275","342","379","","","","","","","","","","","","","","","","","","","",""
"PR-07-055","WA_2005","250","250","166","186","360","360","485","485","219","275","342","379","","","","","","","","","","","","","","","","","","","",""
"PR-07-056","WA_2005","250","250","166","186","360","360","485","485","219","275","342","379","","","","","","","","","","","","","","","","","","","",""
"PR-07-029","WA_2005","250","250","166","186","364","364","485","485","219","275","342","379","","","","","","","","","","","","","","","","","","","",""
"PR-07-030","WA_2005","250","250","166","186","364","364","485","485","219","275","342","379","","","","","","","","","","","","","","","","","","","",""
"PR-07-046","WA_2005","250","250","166","186","364","364","485","485","219","277","342","379","","","","","","","","","","","","","","","","","","","",""
"PR-07-048","WA_2005","250","250","166","186","364","364","485","485","219","277","342","379","","","","","","","","","","","","","","","","","","","",""
"PR-07-038","WA_2005","250","250","166","186","364","364","489","489","219","277","342","379","","","","","","","","","","","","","","","","","","","",""
"PR-07-047","WA_2005","250","250","166","186","368","368","489","489","219","277","342","379","","","","","","","","","","","","","","","","","","","",""
"PR-07-043","WA_2005","250","250","166","186","368","368","489","489","219","275","342","379","","","","","","","","","","","","","","","","","","","",""
"PR-07-044","WA_2005","250","250","166","186","368","368","489","489","219","275","342","379","","","","","","","","","","","","","","","","","","","",""
"PR-07-061","WA_2005","250","250","166","186","368","368","481","481","219","275","342","379","","","","","","","","","","","","","","","","","","","",""
"PR-07-062","WA_2005","250","250","166","186","368","368","481","481","219","275","342","379","","","","","","","","","","","","","","","","","","","",""
"PR-07-063","WA_2005","250","250","166","186","368","368","481","481","219","275","342","379","","","","","","","","","","","","","","","","","","","",""
"PR-07-064","WA_2005","250","250","166","186","368","368","481","481","219","275","342","379","","","","","","","","","","","","","","","","","","","",""
"PR-07-068","WA_2006","246","246","166","186","368","368","485","485","219","275","342","379","","","","","","","","","","","","","","","","","","","",""
"PR-07-026","WA_2006","246","246","166","186","372","372","485","485","219","275","342","379","","","","","","","","","","","","","","","","","","","",""
"PR-07-070","WA_2006","246","246","166","186","372","372","485","485","219","275","342","379","","","","","","","","","","","","","","","","","","","",""
"PR-07-023","WA_2006","246","246","166","186","372","372","0","0","219","275","342","379","","","","","","","","","","","","","","","","","","","",""
"PR-07-027","WA_2006","246","246","166","186","376","376","489","489","219","275","342","379","","","","","","","","","","","","","","","","","","","",""
"PR-07-025","WA_2006","246","246","166","186","376","376","485","485","219","275","342","379","","","","","","","","","","","","","","","","","","","",""
"PR-07-045","WA_2006","250","250","166","186","364","364","485","485","219","277","342","379","","","","","","","","","","","","","","","","","","","",""
"PR-07-053","WA_2006","250","250","166","186","364","364","485","485","219","277","342","379","","","","","","","","","","","","","","","","","","","",""
"PR-07-054","WA_2006","250","250","166","186","364","364","485","485","219","277","342","379","","","","","","","","","","","","","","","","","","","",""
"PR-07-051","WA_2006","250","250","166","186","364","364","485","485","219","277","342","379","","","","","","","","","","","","","","","","","","","",""
"PR-07-052","WA_2006","250","250","166","186","364","364","485","485","219","277","342","379","","","","","","","","","","","","","","","","","","","",""
"PR-07-050","WA_2006","250","250","166","186","364","364","489","489","219","277","342","379","","","","","","","","","","","","","","","","","","","",""
"PR-07-033","WA_2006","250","250","166","186","368","368","485","485","219","275","342","379","","","","","","","","","","","","","","","","","","","",""
"PR-07-049","WA_2006","250","250","166","186","368","368","485","485","219","277","342","379","","","","","","","","","","","","","","","","","","","",""
"PR-07-067","WA_2006","254","254","166","186","372","372","485","485","219","275","342","379","","","","","","","","","","","","","","","","","","","",""
"74-WA-WL","WA_2007","246","246","166","186","368","368","477","477","219","275","342","379","","","","","","","","","","","","","","","","","","","",""
"PR-07-066","WA_2007","246","246","166","186","368","368","485","485","219","275","342","379","","","","","","","","","","","","","","","","","","","",""
"T-1680","WA_2007","250","250","166","186","364","364","485","485","219","275","342","379","","","","","","","","","","","","","","","","","","","",""
"PlantsNW1465","WA_2007","250","250","166","186","364","364","485","485","219","277","342","379","","","","","","","","","","","","","","","","","","","",""
"T-AK-7.2.2","WA_2007","250","250","166","186","368","368","489","489","219","275","342","379","","","","","","","","","","","","","","","","","","","",""
"T-AK-7.5.1A","WA_2007","250","250","166","186","368","368","489","489","219","275","342","379","","","","","","","","","","","","","","","","","","","",""
"T-AK-7.5.2B","WA_2007","250","250","166","186","368","368","489","489","219","275","342","379","","","","","","","","","","","","","","","","","","","",""
"T-AK-7.8.6","WA_2007","250","250","166","186","368","368","489","489","219","275","342","379","","","","","","","","","","","","","","","","","","","",""
"T-arb-8.1.3","WA_2007","250","250","166","186","368","368","489","489","219","275","342","379","","","","","","","","","","","","","","","","","","","",""
"T-arb-8.1.4A","WA_2007","250","250","166","186","368","368","489","489","219","275","342","379","","","","","","","","","","","","","","","","","","","",""
"T-arb-8.1.4B","WA_2007","250","250","166","186","368","368","489","489","219","275","342","379","","","","","","","","","","","","","","","","","","","",""
"PlantsNW1464","WA_2007","250","250","166","186","368","368","485","485","219","275","342","379","","","","","","","","","","","","","","","","","","","",""
"T-1671","WA_2007","250","250","166","186","368","368","485","485","219","275","342","379","","","","","","","","","","","","","","","","","","","",""
"T-1683","WA_2007","250","250","166","186","368","368","485","485","219","275","342","379","","","","","","","","","","","","","","","","","","","",""
"T-AK-6.2.2A","WA_2007","250","250","166","186","368","368","485","485","219","275","342","379","","","","","","","","","","","","","","","","","","","",""
"T-AK-7.2.1","WA_2007","250","250","166","186","368","368","485","485","219","275","342","379","","","","","","","","","","","","","","","","","","","",""
"T-arb-8.1.5A","WA_2007","250","250","166","186","368","368","485","485","219","275","342","379","","","","","","","","","","","","","","","","","","","",""
"T-RC-3.3.1A","WA_2007","250","250","166","186","368","368","485","485","219","275","342","379","","","","","","","","","","","","","","","","","","","",""
"T-RC-3.4.2.3","WA_2007","250","250","166","186","368","368","485","485","219","275","342","379","","","","","","","","","","","","","","","","","","","",""
"NW-NZ-3.2.1.2","WA_2007","250","250","166","186","368","368","0","0","219","275","342","379","","","","","","","","","","","","","","","","","","","",""
"PR-07-079","WA_2007","254","254","166","186","368","368","485","485","219","275","342","379","","","","","","","","","","","","","","","","","","","",""
"11","WA_unknown","246","246","166","186","368","368","405","405","219","275","342","379","","","","","","","","","","","","","","","","","","","",""
"59","WA_unknown","246","246","166","186","372","372","485","485","219","275","342","379","","","","","","","","","","","","","","","","","","","",""
"PR-07-080","WA_unknown","254","254","166","186","368","368","485","485","219","275","342","379","","","","","","","","","","","","","","","","","","","",""
"PR-07-081","WA_unknown","254","254","166","186","368","368","485","485","219","275","342","379","","","","","","","","","","","","","","","","","","","",""
